{
  "Total" : {
    "transaction" : "Total",
    "sampleCount" : 1500,
    "errorCount" : 0,
    "errorPct" : 0.0,
    "meanResTime" : 4141.734666666668,
    "medianResTime" : 4150.0,
    "minResTime" : 4.0,
    "maxResTime" : 9885.0,
    "pct1ResTime" : 6421.0,
    "pct2ResTime" : 7123.450000000001,
    "pct3ResTime" : 8713.44,
    "throughput" : 9.550064622103944,
    "receivedKBytesPerSec" : 13910.348351788169,
    "sentKBytesPerSec" : 1.967276007213482
  },
  "POST Movie" : {
    "transaction" : "POST Movie",
    "sampleCount" : 500,
    "errorCount" : 0,
    "errorPct" : 0.0,
    "meanResTime" : 5033.348000000001,
    "medianResTime" : 4968.0,
    "minResTime" : 12.0,
    "maxResTime" : 9885.0,
    "pct1ResTime" : 7489.0,
    "pct2ResTime" : 8174.0,
    "pct3ResTime" : 9205.98,
    "throughput" : 3.211200667929739,
    "receivedKBytesPerSec" : 1.5924921124883593,
    "sentKBytesPerSec" : 1.103285760733438
  },
  "GET Movie By ID" : {
    "transaction" : "GET Movie By ID",
    "sampleCount" : 500,
    "errorCount" : 0,
    "errorPct" : 0.0,
    "meanResTime" : 3431.7960000000003,
    "medianResTime" : 3508.0,
    "minResTime" : 4.0,
    "maxResTime" : 7051.0,
    "pct1ResTime" : 5174.200000000001,
    "pct2ResTime" : 5586.5,
    "pct3ResTime" : 6144.6500000000015,
    "throughput" : 3.209778268517211,
    "receivedKBytesPerSec" : 1.59235093789721,
    "sentKBytesPerSec" : 0.49839330536546533
  },
  "GET Movies " : {
    "transaction" : "GET Movies ",
    "sampleCount" : 500,
    "errorCount" : 0,
    "errorPct" : 0.0,
    "meanResTime" : 3960.0599999999954,
    "medianResTime" : 4019.0,
    "minResTime" : 357.0,
    "maxResTime" : 7645.0,
    "pct1ResTime" : 5776.200000000001,
    "pct2ResTime" : 6168.599999999999,
    "pct3ResTime" : 7224.180000000002,
    "throughput" : 3.1959909489536322,
    "receivedKBytesPerSec" : 13962.39391682074,
    "sentKBytesPerSec" : 0.3807723591526789
  }
}