{
  "Total" : {
    "transaction" : "Total",
    "sampleCount" : 3000,
    "errorCount" : 0,
    "errorPct" : 0.0,
    "meanResTime" : 9748.376999999997,
    "medianResTime" : 9446.0,
    "minResTime" : 4.0,
    "maxResTime" : 17807.0,
    "pct1ResTime" : 14061.9,
    "pct2ResTime" : 14957.0,
    "pct3ResTime" : 16207.949999999999,
    "throughput" : 9.252890757287421,
    "receivedKBytesPerSec" : 14058.551307785267,
    "sentKBytesPerSec" : 1.9063605527676937
  },
  "POST Movie" : {
    "transaction" : "POST Movie",
    "sampleCount" : 1000,
    "errorCount" : 0,
    "errorPct" : 0.0,
    "meanResTime" : 10548.133,
    "medianResTime" : 10210.5,
    "minResTime" : 4.0,
    "maxResTime" : 17807.0,
    "pct1ResTime" : 15352.6,
    "pct2ResTime" : 15896.9,
    "pct3ResTime" : 16856.95,
    "throughput" : 3.097509602279767,
    "receivedKBytesPerSec" : 1.5364131613183003,
    "sentKBytesPerSec" : 1.0645269328459919
  },
  "GET Movie By ID" : {
    "transaction" : "GET Movie By ID",
    "sampleCount" : 1000,
    "errorCount" : 0,
    "errorPct" : 0.0,
    "meanResTime" : 8975.102000000004,
    "medianResTime" : 8690.5,
    "minResTime" : 4.0,
    "maxResTime" : 16744.0,
    "pct1ResTime" : 12796.4,
    "pct2ResTime" : 13576.849999999997,
    "pct3ResTime" : 14572.93,
    "throughput" : 3.09665592127062,
    "receivedKBytesPerSec" : 1.5362316484428467,
    "sentKBytesPerSec" : 0.48082840965041856
  },
  "GET Movies" : {
    "transaction" : "GET Movies",
    "sampleCount" : 1000,
    "errorCount" : 0,
    "errorPct" : 0.0,
    "meanResTime" : 9721.896000000006,
    "medianResTime" : 9374.5,
    "minResTime" : 671.0,
    "maxResTime" : 16722.0,
    "pct1ResTime" : 13740.9,
    "pct2ResTime" : 14463.65,
    "pct3ResTime" : 15362.0,
    "throughput" : 3.0903399064863146,
    "receivedKBytesPerSec" : 14083.029927744956,
    "sentKBytesPerSec" : 0.36818502792122104
  }
}