{
  "Total" : {
    "transaction" : "Total",
    "sampleCount" : 6000,
    "errorCount" : 5970,
    "errorPct" : 99.5,
    "meanResTime" : 12668.27699999999,
    "medianResTime" : 12799.5,
    "minResTime" : 1.0,
    "maxResTime" : 33664.0,
    "pct1ResTime" : 21903.0,
    "pct2ResTime" : 23336.6,
    "pct3ResTime" : 27529.62999999999,
    "throughput" : 15.280940083433933,
    "receivedKBytesPerSec" : 20177.949250784262,
    "sentKBytesPerSec" : 3.1819299580601865
  },
  "POST Movie" : {
    "transaction" : "POST Movie",
    "sampleCount" : 2000,
    "errorCount" : 2000,
    "errorPct" : 100.0,
    "meanResTime" : 9292.609000000008,
    "medianResTime" : 7926.0,
    "minResTime" : 3.0,
    "maxResTime" : 27918.0,
    "pct1ResTime" : 18746.9,
    "pct2ResTime" : 21513.649999999994,
    "pct3ResTime" : 26499.600000000002,
    "throughput" : 5.111076469370596,
    "receivedKBytesPerSec" : 2.557834226068023,
    "sentKBytesPerSec" : 1.7841849558019662
  },
  "GET Movie By ID" : {
    "transaction" : "GET Movie By ID",
    "sampleCount" : 2000,
    "errorCount" : 1979,
    "errorPct" : 98.95,
    "meanResTime" : 13861.922999999993,
    "medianResTime" : 14919.0,
    "minResTime" : 1.0,
    "maxResTime" : 27319.0,
    "pct1ResTime" : 21888.0,
    "pct2ResTime" : 22914.949999999997,
    "pct3ResTime" : 24899.250000000004,
    "throughput" : 5.1075653257605165,
    "receivedKBytesPerSec" : 2.5680753664358895,
    "sentKBytesPerSec" : 0.7944658252804053
  },
  "GET Movies " : {
    "transaction" : "GET Movies ",
    "sampleCount" : 2000,
    "errorCount" : 1991,
    "errorPct" : 99.55,
    "meanResTime" : 14850.299000000025,
    "medianResTime" : 15846.0,
    "minResTime" : 299.0,
    "maxResTime" : 33664.0,
    "pct1ResTime" : 23038.3,
    "pct2ResTime" : 24730.449999999993,
    "pct3ResTime" : 31008.170000000002,
    "throughput" : 5.101845592643138,
    "receivedKBytesPerSec" : 20205.309915197762,
    "sentKBytesPerSec" : 0.6125129339757407
  }
}